{
  "mean": [
    50.17128782864466,
    9.455,
    4.386,
    0.7988497214828396,
    5.584
  ],
  "scale": [
    9.705751415190493,
    5.770266458318887,
    2.842007037288965,
    0.11417045120452259,
    2.8094383780392835
  ],
  "coefFlat": [
    -2.54194147407713,
    -0.9439767707130764,
    -0.06971196058692669,
    -1.7695856727394796,
    -0.11081744242893347,
    -0.5437109041261663,
    -0.7137732216000446,
    -0.08374688713405086,
    1.7959751903567915,
    -0.030953595322769135,
    3.0856523782032963,
    1.6577499923131231,
    0.15345884772097743,
    -0.026389517617312966,
    0.14177103775170252
  ],
  "coefRows": 3,
  "coefCols": 5,
  "intercept": [
    3.5322426574924295,
    0.5360075713450431,
    -4.068250228837477
  ],
  "classes": [
    0,
    1,
    2
  ],
  "features": [
    "wpm",
    "combo_length",
    "mistake_count",
    "recent_accuracy",
    "wave_number"
  ]
}